{"1000": {"Product_name": "Cadbury Dairy Milk", "MRP": 50.0, "Our_Price": 45.0, "Quantity": 75, "Tax_Percentage": 5}, "1001": {"Product_name": "Towel", "MRP": 200.0, "Our_Price": 180.0, "Quantity": 25, "Tax_Percentage": 4}, "1002": {"Product_name": "Tooth paste", "MRP": 40.0, "Our_Price": 36.0, "Quantity": 50, "Tax_Percentage": 5}, "1003": {"Product_name": "Hand Wash", "MRP": 55.0, "Our_Price": 49.5, "Quantity": 43, "Tax_Percentage": 4}, "1004": {"Product_name": "Bread", "MRP": 25.0, "Our_Price": 22.5, "Quantity": 27, "Tax_Percentage": 3}, "1005": {"Product_name": "French Fries", "MRP": 250.0, "Our_Price": 225.0, "Quantity": 20, "Tax_Percentage": 7}, "1006": {"Product_name": "Lassi", "MRP": 65.0, "Our_Price": 58.5, "Quantity": 36, "Tax_Percentage": 7}, "1007": {"Product_name": "Vinegar", "MRP": 50.0, "Our_Price": 45.0, "Quantity": 38, "Tax_Percentage": 4}, "1008": {"Product_name": "Pencil Box", "MRP": 90.0, "Our_Price": 81.0, "Quantity": 34, "Tax_Percentage": 4}, "1009": {"Product_name": "Water Bottle", "MRP": 60.0, "Our_Price": 54.0, "Quantity": 20, "Tax_Percentage": 5}, "1010": {"Product_name": "Almonds", "MRP": 105.0, "Our_Price": 94.5, "Quantity": 43, "Tax_Percentage": 6}, "1011": {"Product_name": "Dates", "MRP": 230.0, "Our_Price": 207.0, "Quantity": 45, "Tax_Percentage": 5}, "1012": {"Product_name": "Perfume", "MRP": 150.0, "Our_Price": 135.0, "Quantity": 39, "Tax_Percentage": 8}, "1013": {"Product_name": "Kajal", "MRP": 200.0, "Our_Price": 180.0, "Quantity": 42, "Tax_Percentage": 8}, "1014": {"Product_name": "Shampoo", "MRP": 200.0, "Our_Price": 180.0, "Quantity": 35, "Tax_Percentage": 9}, "1015": {"Product_name": "Soap", "MRP": 30.0, "Our_Price": 27.0, "Quantity": 50, "Tax_Percentage": 5}, "1016": {"Product_name": "Tooth Brush", "MRP": 40.0, "Our_Price": 36.0, "Quantity": 54, "Tax_Percentage": 7}, "1017": {"Product_name": "Lays", "MRP": 30.0, "Our_Price": 27.0, "Quantity": 50, "Tax_Percentage": 4}, "1018": {"Product_name": "Eraser", "MRP": 5.0, "Our_Price": 4.5, "Quantity": 55, "Tax_Percentage": 3}, "1019": {"Product_name": "Pen", "MRP": 10.0, "Our_Price": 9.0, "Quantity": 100, "Tax_Percentage": 3}, "1020": {"Product_name": "Pencil", "MRP": 6.0, "Our_Price": 5.4, "Quantity": 110, "Tax_Percentage": 3}, "1021": {"Product_name": "Pencil Cutter", "MRP": 5.0, "Our_Price": 4.5, "Quantity": 52, "Tax_Percentage": 3}, "1022": {"Product_name": "Mask", "MRP": 5.0, "Our_Price": 4.5, "Quantity": 90, "Tax_Percentage": 2}, "1023": {"Product_name": "Horlicks", "MRP": 157.0, "Our_Price": 141.3, "Quantity": 48, "Tax_Percentage": 6}, "1024": {"Product_name": "Mustard Oil", "MRP": 102.0, "Our_Price": 91.8, "Quantity": 45, "Tax_Percentage": 5}, "1025": {"Product_name": "Soyabean Oil", "MRP": 170.0, "Our_Price": 153.0, "Quantity": 38, "Tax_Percentage": 6}, "1026": {"Product_name": "Tomato Sauce", "MRP": 123.0, "Our_Price": 110.7, "Quantity": 58, "Tax_Percentage": 6}, "1027": {"Product_name": "Soya Sauce", "MRP": 45.0, "Our_Price": 40.5, "Quantity": 60, "Tax_Percentage": 8}, "1028": {"Product_name": "Soyabean", "MRP": 40.0, "Our_Price": 36.0, "Quantity": 50, "Tax_Percentage": 8}, "1029": {"Product_name": "Cocoa Powder", "MRP": 168.0, "Our_Price": 151.20000000000002, "Quantity": 33, "Tax_Percentage": 6}}